{"cameraMode":{"drawMode":0,"name":"Shaded","section":"Shading Mode"},"sceneLighting":false,"audioPlay":false,"sceneViewState":{"showFog":true,"showMaterialUpdate":false,"showSkybox":false,"showFlares":true,"showImageEffects":true,"showParticleSystems":true},"in2DMode":false,"pivot":{"x":-0.2242938131093979,"y":-0.7918601632118225,"z":-2.5702264308929445},"rotation":{"x":-0.18471936881542207,"y":-0.6504961252212524,"z":0.16748332977294923,"w":-0.7174251675605774},"size":6.895833969116211,"orthographic":true}