{"cameraMode":{"drawMode":0,"name":"Shaded","section":"Shading Mode"},"sceneLighting":true,"audioPlay":false,"sceneViewState":{"showFog":true,"showMaterialUpdate":false,"showSkybox":true,"showFlares":true,"showImageEffects":true,"showParticleSystems":true},"in2DMode":false,"pivot":{"x":89.47695922851563,"y":276.5827941894531,"z":-80.24099731445313},"rotation":{"x":-0.06795123219490051,"y":-0.26290008425712588,"z":0.018565505743026735,"w":-0.9622527956962586},"size":419.8604431152344,"orthographic":true}